2;3;4;Name;DAD;GP;TF;EA;IDD;EV;VC;DFM;CP;distanciaRequerida;distanciaPredict;residuos
2;3;4;1;5000;0.6;1;50;2;5;5;0;0;4065.29;4091.267968;-16.15475476
2;3;4;2;5200;0.6;1;50;2;5;5;0;0;4219.9016;4236.056355;-25.97796797
2;3;4;3;5000;1;1;50;2;5;5;0;0;4211.15;4227.783623;-9.217562293
2;3;4;4;5200;1;1;50;2;5;5;0;0;4371.596;4380.813562;-16.6336235
2;3;4;5;5000;0.6;3;50;2;5;5;0;0;4465.29;4488.256385;-13.14317175
2;3;4;6;5200;0.6;3;50;2;5;5;0;0;4619.9016;4633.044772;-13.14317175
2;3;4;7;5000;1;3;50;2;5;5;0;0;4611.15;4624.77204;-13.14317175
2;3;4;8;5200;1;3;50;2;5;5;0;0;4771.596;4777.801979;-22.96638496
2;3;4;9;5000;0.6;1;70;2;5;5;0;0;4465.29;4488.256385;-22.96638496
2;3;4;10;5200;0.6;1;70;2;5;5;0;0;4619.9016;4633.044772;-22.96638496
2;3;4;11;5000;1;1;70;2;5;5;0;0;4611.15;4624.77204;-6.205979282
2;3;4;12;5200;1;1;70;2;5;5;0;0;4771.596;4777.801979;-6.205979282
2;3;4;13;5000;0.6;3;70;2;5;5;0;0;4865.29;4885.244802;-6.205979282
2;3;4;14;5200;0.6;3;70;2;5;5;0;0;5019.9016;5030.033189;-13.62204049
2;3;4;15;5000;1;3;70;2;5;5;0;0;5011.15;5021.760457;-13.62204049
2;3;4;16;5200;1;3;70;2;5;5;0;0;5171.596;5174.790396;-13.62204049
2;3;4;17;5000;0.6;1;50;4;5;5;0;0;4465.29;4488.256385;9.951402764
2;3;4;18;5200;0.6;1;50;4;5;5;0;0;4619.9016;4633.044772;7.996915969
2;3;4;19;5000;1;1;50;4;5;5;0;0;4611.15;4624.77204;2.032468355
2;3;4;20;5200;1;1;50;4;5;5;0;0;4771.596;4777.801979;1.185039151
2;3;4;21;5000;0.6;3;50;4;5;5;0;0;4865.29;4885.244802;2.262715344
2;3;4;22;5200;0.6;3;50;4;5;5;0;0;5019.9016;5030.033189;1.675806139
2;3;4;23;5000;1;3;50;4;5;5;0;0;5011.15;5021.760457;-10.13158874
2;3;4;24;5200;1;3;50;4;5;5;0;0;5171.596;5174.790396;-10.13158874
2;3;4;25;5000;0.6;1;70;4;5;5;0;0;4865.29;4885.244802;-10.13158874
2;3;4;26;5200;0.6;1;70;4;5;5;0;0;5019.9016;5030.033189;10.30787029
2;3;4;27;5000;1;1;70;4;5;5;0;0;5011.15;5021.760457;9.885375498
2;3;4;28;5200;1;1;70;4;5;5;0;0;5171.596;5174.790396;-19.95480195
2;3;4;29;5000;0.6;3;70;4;5;5;0;0;5265.29;5282.233219;-19.95480195
2;3;4;30;5200;0.6;3;70;4;5;5;0;0;5419.9016;5427.021606;-19.95480195
2;3;4;31;5000;1;3;70;4;5;5;0;0;5411.15;5418.748874;11.57092276
2;3;4;32;5200;1;3;70;4;5;5;0;0;5571.596;5571.778813;11.29481597
2;3;4;33;5000;0.6;1;50;2;15;5;0;0;4768.07;4766.884961;1.523864826
2;3;4;34;5200;0.6;1;50;2;15;5;0;0;4950.7928;4948.760332;2.022787622
2;3;4;35;5000;1;1;50;2;15;5;0;0;4940.45;4938.427212;1.554731815
2;3;4;36;5200;1;1;50;2;15;5;0;0;5130.068;5128.544135;-3.19439627
2;3;4;37;5000;0.6;3;50;2;15;5;0;0;5168.07;5163.873378;-3.19439627
2;3;4;38;5200;0.6;3;50;2;15;5;0;0;5350.7928;5345.748749;-3.19439627
2;3;4;39;5000;1;3;50;2;15;5;0;0;5340.45;5335.415629;2.26617461
2;3;4;40;5200;1;3;50;2;15;5;0;0;5530.068;5525.532552;-10.61045747
2;3;4;41;5000;0.6;1;70;2;15;5;0;0;5168.07;5163.873378;-10.61045747
2;3;4;42;5200;0.6;1;70;2;15;5;0;0;5350.7928;5345.748749;-10.61045747
2;3;4;43;5000;1;1;70;2;15;5;0;0;5340.45;5335.415629;10.62587029
2;3;4;44;5200;1;1;70;2;15;5;0;0;5530.068;5525.532552;11.5900355
2;3;4;45;5000;0.6;3;70;2;15;5;0;0;5568.07;5560.861795;6.939819753
2;3;4;46;5200;0.6;3;70;2;15;5;0;0;5750.7928;5742.737166;6.939819753
2;3;4;47;5000;1;3;70;2;15;5;0;0;5740.45;5732.404046;6.939819753
2;3;4;48;5200;1;3;70;2;15;5;0;0;5930.068;5922.520969;4.985332958
2;3;4;49;5000;0.6;1;50;4;15;5;0;0;5168.07;5163.873378;4.985332958
2;3;4;50;5200;0.6;1;50;4;15;5;0;0;5350.7928;5345.748749;4.985332958
2;3;4;51;5000;1;1;50;4;15;5;0;0;5340.45;5335.415629;5.044051367
2;3;4;52;5200;1;1;50;4;15;5;0;0;5530.068;5525.532552;5.044051367
2;3;4;53;5000;0.6;3;50;4;15;5;0;0;5568.07;5560.861795;5.044051367
2;3;4;54;5200;0.6;3;50;4;15;5;0;0;5750.7928;5742.737166;4.196622162
2;3;4;55;5000;1;3;50;4;15;5;0;0;5740.45;5732.404046;4.196622162
2;3;4;56;5200;1;3;50;4;15;5;0;0;5930.068;5922.520969;4.196622162
2;3;4;57;5000;0.6;1;70;4;15;5;0;0;5568.07;5560.861795;5.274298355
2;3;4;58;5200;0.6;1;70;4;15;5;0;0;5750.7928;5742.737166;5.274298355
2;3;4;59;5000;1;1;70;4;15;5;0;0;5740.45;5732.404046;5.274298355
2;3;4;60;5200;1;1;70;4;15;5;0;0;5930.068;5922.520969;4.687389151
2;3;4;61;5000;0.6;3;70;4;15;5;0;0;5968.07;5957.850212;4.687389151
2;3;4;62;5200;0.6;3;70;4;15;5;0;0;6150.7928;6139.725583;4.687389151
2;3;4;63;5000;1;3;70;4;15;5;0;0;6140.45;6129.392463;-7.12000573
2;3;4;64;5200;1;3;70;4;15;5;0;0;6330.068;6319.509386;-16.94321893
2;3;4;65;5000;0.6;1;50;2;5;15;0;0;4799.87;4798.194194;7.296287282
2;3;4;66;5200;0.6;1;50;2;5;15;0;0;4983.8648;4981.602085;7.296287282
2;3;4;67;5000;1;1;50;2;5;15;0;0;4973.45;4971.183825;7.296287282
2;3;4;68;5200;1;1;50;2;5;15;0;0;5164.388;5162.833268;6.873792486
2;3;4;69;5000;0.6;3;50;2;5;15;0;0;5199.87;5195.182611;6.873792486
2;3;4;70;5200;0.6;3;50;2;5;15;0;0;5383.8648;5378.590502;6.873792486
2;3;4;71;5000;1;3;50;2;5;15;0;0;5373.45;5368.172242;4.535447838
2;3;4;72;5200;1;3;50;2;5;15;0;0;5564.388;5559.821685;4.535447838
2;3;4;73;5000;0.6;1;70;2;5;15;0;0;5199.87;5195.182611;4.535447838
2;3;4;74;5200;0.6;1;70;2;5;15;0;0;5383.8648;5378.590502;8.559339753
2;3;4;75;5000;1;1;70;2;5;15;0;0;5373.45;5368.172242;8.559339753
2;3;4;76;5200;1;1;70;2;5;15;0;0;5564.388;5559.821685;8.559339753
2;3;4;77;5000;0.6;3;70;2;5;15;0;0;5599.87;5592.171028;5.034370633
2;3;4;78;5200;0.6;3;70;2;5;15;0;0;5783.8648;5775.578919;5.034370633
2;3;4;79;5000;1;3;70;2;5;15;0;0;5773.45;5765.160659;5.034370633
2;3;4;80;5200;1;3;70;2;5;15;0;0;5964.388;5956.810102;4.566314826
2;3;4;81;5000;0.6;1;50;4;5;15;0;0;5199.87;5195.182611;4.566314826
2;3;4;82;5200;0.6;1;50;4;5;15;0;0;5383.8648;5378.590502;4.566314826
2;3;4;83;5000;1;1;50;4;5;15;0;0;5373.45;5368.172242;-0.182813259
2;3;4;84;5200;1;1;50;4;5;15;0;0;5564.388;5559.821685;8.283232958
2;3;4;85;5000;0.6;3;50;4;5;15;0;0;5599.87;5592.171028;8.283232958
2;3;4;86;5200;0.6;3;50;4;5;15;0;0;5783.8648;5775.578919;8.283232958
2;3;4;87;5000;1;3;50;4;5;15;0;0;5773.45;5765.160659;5.277757622
2;3;4;88;5200;1;3;50;4;5;15;0;0;5964.388;5956.810102;5.277757622
2;3;4;89;5000;0.6;1;70;4;5;15;0;0;5599.87;5592.171028;5.277757622
2;3;4;90;5200;0.6;1;70;4;5;15;0;0;5783.8648;5775.578919;-7.598874463
2;3;4;91;5000;1;1;70;4;5;15;0;0;5773.45;5765.160659;5.765323645
2;3;4;92;5200;1;1;70;4;5;15;0;0;5964.388;5956.810102;8.569940849
2;3;4;93;5000;0.6;3;70;4;5;15;0;0;5999.87;5989.159445;7.614287282
2;3;4;94;5200;0.6;3;70;4;5;15;0;0;6183.8648;6172.567336;7.614287282
2;3;4;95;5000;1;3;70;4;5;15;0;0;6173.45;6162.149076;7.614287282
2;3;4;96;5200;1;3;70;4;5;15;0;0;6364.388;6353.798519;5.501536656
2;3;4;97;5000;0.6;1;50;2;15;15;0;0;5636.21;5637.944079;8.375873861
2;3;4;98;5200;0.6;1;50;2;15;15;0;0;5853.6584;5858.438954;8.055634378
2;3;4;99;5000;1;1;50;2;15;15;0;0;5841.35;5845.960306;8.055634378
2;3;4;100;5200;1;1;50;2;15;15;0;0;6067.004;6074.696733;8.055634378
2;3;4;101;5000;0.6;3;50;2;15;15;0;0;6036.21;6034.932496;8.578452486
2;3;4;102;5200;0.6;3;50;2;15;15;0;0;6253.6584;6255.427371;8.578452486
2;3;4;103;5000;1;3;50;2;15;15;0;0;6241.35;6242.948723;8.578452486
2;3;4;104;5200;1;3;50;2;15;15;0;0;6467.004;6471.68515;3.928236741
2;3;4;105;5000;0.6;1;70;2;15;15;0;0;6036.21;6034.932496;3.928236741
2;3;4;106;5200;0.6;1;70;2;15;15;0;0;6253.6584;6255.427371;3.928236741
2;3;4;107;5000;1;1;70;2;15;15;0;0;6241.35;6242.948723;8.285881367
2;3;4;108;5200;1;1;70;2;15;15;0;0;6467.004;6471.68515;8.285881367
2;3;4;109;5000;0.6;3;70;2;15;15;0;0;6436.21;6431.920913;8.285881367
2;3;4;110;5200;0.6;3;70;2;15;15;0;0;6653.6584;6652.415788;7.208205174
2;3;4;111;5000;1;3;70;2;15;15;0;0;6641.35;6639.93714;7.208205174
2;3;4;112;5200;1;3;70;2;15;15;0;0;6867.004;6868.673567;7.208205174
2;3;4;113;5000;0.6;1;50;4;15;15;0;0;6036.21;6034.932496;1.973749946
2;3;4;114;5200;0.6;1;50;4;15;15;0;0;6253.6584;6255.427371;1.973749946
2;3;4;115;5000;1;1;50;4;15;15;0;0;6241.35;6242.948723;1.973749946
2;3;4;116;5200;1;1;50;4;15;15;0;0;6467.004;6471.68515;-3.682959707
2;3;4;117;5000;0.6;3;50;4;15;15;0;0;6436.21;6431.920913;7.698972162
2;3;4;118;5200;0.6;3;50;4;15;15;0;0;6653.6584;6652.415788;7.698972162
2;3;4;119;5000;1;3;50;4;15;15;0;0;6641.35;6639.93714;7.698972162
2;3;4;120;5200;1;3;50;4;15;15;0;0;6867.004;6868.673567;-0.728688093
2;3;4;121;5000;0.6;1;70;4;15;15;0;0;6436.21;6431.920913;-4.780553537
2;3;4;122;5200;0.6;1;70;4;15;15;0;0;6653.6584;6652.415788;-1.734078741
2;3;4;123;5000;1;1;70;4;15;15;0;0;6641.35;6639.93714;2.813115174
2;3;4;124;5200;1;1;70;4;15;15;0;0;6867.004;6868.673567;5.929804378
2;3;4;125;5000;0.6;3;70;4;15;15;0;0;6836.21;6828.90933;7.547030849
2;3;4;126;5200;0.6;3;70;4;15;15;0;0;7053.6584;7049.404205;7.547030849
2;3;4;127;5000;1;3;70;4;15;15;0;0;7041.35;7036.925557;7.547030849
2;3;4;128;5200;1;3;70;4;15;15;0;0;7267.004;7265.661984;2.537148185
2;3;4;129;5000;0.6;1;50;2;5;5;1;0;4878.348;4867.053184;3.941323645
2;3;4;130;5200;0.6;1;50;2;5;5;1;0;5063.88192;5052.310997;4.28470427
2;3;4;131;5000;1;1;50;2;5;5;1;0;5053.38;5041.789965;4.28470427
2;3;4;132;5200;1;1;50;2;5;5;1;0;5245.9152;5235.28933;4.28470427
2;3;4;133;5000;0.6;3;50;2;5;5;1;0;5358.348;5350.064767;5.66835739
2;3;4;134;5200;0.6;3;50;2;5;5;1;0;5543.88192;5535.32258;7.018760849
2;3;4;135;5000;1;3;50;2;5;5;1;0;5533.38;5524.801548;7.577897838
2;3;4;136;5200;1;3;50;2;5;5;1;0;5725.9152;5718.300913;7.577897838
2;3;4;137;5000;0.6;1;70;2;5;5;1;0;5358.348;5350.064767;7.577897838
2;3;4;138;5200;0.6;1;70;2;5;5;1;0;5543.88192;5535.32258;8.045953645
2;3;4;139;5000;1;1;70;2;5;5;1;0;5533.38;5524.801548;8.045953645
2;3;4;140;5200;1;1;70;2;5;5;1;0;5725.9152;5718.300913;8.045953645
2;3;4;141;5000;0.6;3;70;2;5;5;1;0;5838.348;5833.07635;3.678736656
2;3;4;142;5200;0.6;3;70;2;5;5;1;0;6023.88192;6018.334163;6.762293861
2;3;4;143;5000;1;3;70;2;5;5;1;0;6013.38;6007.813131;3.862209475
2;3;4;144;5200;1;3;70;2;5;5;1;0;6205.9152;6201.312496;3.862209475
2;3;4;145;5000;0.6;1;50;4;5;5;1;0;5358.348;5350.064767;3.862209475
2;3;4;146;5200;0.6;1;50;4;5;5;1;0;5543.88192;5535.32258;8.289340633
2;3;4;147;5000;1;1;50;4;5;5;1;0;5533.38;5524.801548;8.289340633
2;3;4;148;5200;1;1;50;4;5;5;1;0;5725.9152;5718.300913;8.289340633
2;3;4;149;5000;0.6;3;50;4;5;5;1;0;5838.348;5833.07635;5.547756741
2;3;4;150;5200;0.6;3;50;4;5;5;1;0;6023.88192;6018.334163;5.547756741
2;3;4;151;5000;1;3;50;4;5;5;1;0;6013.38;6007.813131;5.547756741
2;3;4;152;5200;1;3;50;4;5;5;1;0;6205.9152;6201.312496;-6.65790512
2;3;4;153;5000;0.6;1;70;4;5;5;1;0;5838.348;5833.07635;-3.513553506
2;3;4;154;5200;0.6;1;70;4;5;5;1;0;6023.88192;6018.334163;-7.692733066
2;3;4;155;5000;1;1;70;4;5;5;1;0;6013.38;6007.813131;5.271649946
2;3;4;156;5200;1;1;70;4;5;5;1;0;6205.9152;6201.312496;5.271649946
2;3;4;157;5000;0.6;3;70;4;5;5;1;0;6318.348;6316.087933;5.271649946
2;3;4;158;5200;0.6;3;70;4;5;5;1;0;6503.88192;6501.345746;-4.61030627
2;3;4;159;5000;1;3;70;4;5;5;1;0;6493.38;6490.824714;11.06721739
2;3;4;160;5200;1;3;70;4;5;5;1;0;6685.9152;6684.324079;2.753740633
2;3;4;161;5000;0.6;1;50;2;15;5;1;0;5721.684;5714.665239;2.753740633
2;3;4;162;5200;0.6;1;50;2;15;5;1;0;5940.95136;5937.010036;2.753740633
2;3;4;163;5000;1;1;50;2;15;5;1;0;5928.54;5924.428616;1.066635174
2;3;4;164;5200;1;1;50;2;15;5;1;0;6156.0816;6155.014965;4.111384378
2;3;4;165;5000;0.6;3;50;2;15;5;1;0;6201.684;6197.676822;5.558357838
2;3;4;166;5200;0.6;3;50;2;15;5;1;0;6420.95136;6420.021619;5.558357838
2;3;4;167;5000;1;3;50;2;15;5;1;0;6408.54;6407.440199;5.558357838
2;3;4;168;5200;1;3;50;2;15;5;1;0;6636.0816;6638.026548;11.29746438
2;3;4;169;5000;0.6;1;70;2;15;5;1;0;6201.684;6197.676822;2.489953645
2;3;4;170;5200;0.6;1;70;2;15;5;1;0;6420.95136;6420.021619;2.489953645
2;3;4;171;5000;1;1;70;2;15;5;1;0;6408.54;6407.440199;2.489953645
2;3;4;172;5200;1;1;70;2;15;5;1;0;6636.0816;6638.026548;0.854268185
2;3;4;173;5000;0.6;3;70;2;15;5;1;0;6681.684;6680.688405;4.60270427
2;3;4;174;5200;0.6;3;70;2;15;5;1;0;6900.95136;6903.033202;4.60270427
2;3;4;175;5000;1;3;70;2;15;5;1;0;6888.54;6890.451782;4.60270427
2;3;4;176;5200;1;3;70;2;15;5;1;0;7116.0816;7121.038131;10.21978819
2;3;4;177;5000;0.6;1;50;4;15;5;1;0;6201.684;6197.676822;3.84753739
2;3;4;178;5200;0.6;1;50;4;15;5;1;0;6420.95136;6420.021619;5.364290849
2;3;4;179;5000;1;1;50;4;15;5;1;0;6408.54;6407.440199;5.364290849
2;3;4;180;5200;1;1;50;4;15;5;1;0;6636.0816;6638.026548;5.364290849
2;3;4;181;5000;0.6;3;50;4;15;5;1;0;6681.684;6680.688405;0.91665373
2;3;4;182;5200;0.6;3;50;4;15;5;1;0;6900.95136;6903.033202;10.71055517
2;3;4;183;5000;1;3;50;4;15;5;1;0;6888.54;6890.451782;-1.768970525
2;3;4;184;5200;1;3;50;4;15;5;1;0;7116.0816;7121.038131;-1.768970525
2;3;4;185;5000;0.6;1;70;4;15;5;1;0;6681.684;6680.688405;-1.768970525
2;3;4;186;5200;0.6;1;70;4;15;5;1;0;6900.95136;6903.033202;5.566869475
2;3;4;187;5000;1;1;70;4;15;5;1;0;6888.54;6890.451782;5.566869475
2;3;4;188;5200;1;1;70;4;15;5;1;0;7116.0816;7121.038131;5.566869475
2;3;4;189;5000;0.6;3;70;4;15;5;1;0;7161.684;7163.699988;1.27750427
2;3;4;190;5200;0.6;3;70;4;15;5;1;0;7380.95136;7386.044785;1.27750427
2;3;4;191;5000;1;3;70;4;15;5;1;0;7368.54;7373.463365;1.27750427
2;3;4;192;5200;1;3;70;4;15;5;1;0;7596.0816;7604.049714;-1.037833066
2;3;4;193;5000;0.6;1;50;2;5;15;1;0;5759.844;5753.081706;10.55861386
2;3;4;194;5200;0.6;1;50;2;5;15;1;0;5980.63776;5976.959023;-0.198467838
2;3;4;195;5000;1;1;50;2;5;15;1;0;5968.14;5964.292463;-0.198467838
2;3;4;196;5200;1;1;50;2;5;15;1;0;6197.2656;6196.411332;-0.198467838
2;3;4;197;5000;0.6;3;50;2;5;15;1;0;6239.844;6236.093289;10.58948085
2;3;4;198;5200;0.6;3;50;2;5;15;1;0;6460.63776;6459.970606;-0.717708741
2;3;4;199;5000;1;3;50;2;5;15;1;0;6448.14;6447.304046;-0.717708741
2;3;4;200;5200;1;3;50;2;5;15;1;0;6677.2656;6679.422915;-0.717708741
2;3;4;201;5000;0.6;1;70;2;5;15;1;0;6239.844;6236.093289;11.05753666
2;3;4;202;5200;0.6;1;70;2;5;15;1;0;6460.63776;6459.970606;2.918221367
2;3;4;203;5000;1;1;70;2;5;15;1;0;6448.14;6447.304046;2.918221367
2;3;4;204;5200;1;1;70;2;5;15;1;0;6677.2656;6679.422915;2.918221367
2;3;4;205;5000;0.6;3;70;2;5;15;1;0;6719.844;6719.104872;-0.474434826
2;3;4;206;5200;0.6;3;70;2;5;15;1;0;6940.63776;6942.982189;-0.474434826
2;3;4;207;5000;1;3;70;2;5;15;1;0;6928.14;6930.315629;-0.474434826
2;3;4;208;5200;1;3;70;2;5;15;1;0;7157.2656;7162.434498;1.273121259
2;3;4;209;5000;0.6;1;50;4;5;15;1;0;6239.844;6236.093289;2.236562873
2;3;4;210;5200;0.6;1;50;4;5;15;1;0;6460.63776;6459.970606;2.236562873
2;3;4;211;5000;1;1;50;4;5;15;1;0;6448.14;6447.304046;2.236562873
2;3;4;212;5200;1;1;50;4;5;15;1;0;6677.2656;6679.422915;11.30092364
2;3;4;213;5000;0.6;3;50;4;5;15;1;0;6719.844;6719.104872;0.929740633
2;3;4;214;5200;0.6;3;50;4;5;15;1;0;6940.63776;6942.982189;0.929740633
2;3;4;215;5000;1;3;50;4;5;15;1;0;6928.14;6930.315629;0.929740633
2;3;4;216;5200;1;3;50;4;5;15;1;0;7157.2656;7162.434498;2.656774378
2;3;4;217;5000;0.6;1;70;4;5;15;1;0;6719.844;6719.104872;2.656774378
2;3;4;218;5200;0.6;1;70;4;5;15;1;0;6940.63776;6942.982189;2.656774378
2;3;4;219;5000;1;1;70;4;5;15;1;0;6928.14;6930.315629;4.007177838
2;3;4;220;5200;1;1;70;4;5;15;1;0;7157.2656;7162.434498;4.007177838
2;3;4;221;5000;0.6;3;70;4;5;15;1;0;7199.844;7202.116455;4.007177838
2;3;4;222;5200;0.6;3;70;4;5;15;1;0;7420.63776;7425.993772;0.667153645
2;3;4;223;5000;1;3;70;4;5;15;1;0;7408.14;7413.327212;0.667153645
2;3;4;224;5200;1;3;70;4;5;15;1;0;7637.2656;7645.446081;0.667153645
2;3;4;225;5000;0.6;1;50;2;15;15;1;0;6763.452;6764.826653;-4.681150054
2;3;4;226;5200;0.6;1;50;2;15;15;1;0;7024.39008;7025.790954;-4.681150054
2;3;4;227;5000;1;1;50;2;15;15;1;0;7009.62;7011.064006;-4.681150054
2;3;4;228;5200;1;1;50;2;15;15;1;0;7280.4048;7280.269859;0.850626463
2;3;4;229;5000;0.6;3;50;2;15;15;1;0;7243.452;7247.838236;3.750710849
2;3;4;230;5200;0.6;3;50;2;15;15;1;0;7504.39008;7508.802537;3.750710849
2;3;4;231;5000;1;3;50;2;15;15;1;0;7489.62;7494.075589;3.750710849
2;3;4;232;5200;1;3;50;2;15;15;1;0;7760.4048;7763.281442;-1.598723259
2;3;4;233;5000;0.6;1;70;2;15;15;1;0;7243.452;7247.838236;-1.598723259
2;3;4;234;5200;0.6;1;70;2;15;15;1;0;7504.39008;7508.802537;-1.598723259
2;3;4;235;5000;1;1;70;2;15;15;1;0;7489.62;7494.075589;2.53617373
2;3;4;236;5200;1;1;70;2;15;15;1;0;7760.4048;7763.281442;-1.82E-12
2;3;4;237;5000;0.6;3;70;2;15;15;1;0;7723.452;7730.849819;2.260066934
2;3;4;238;5200;0.6;3;70;2;15;15;1;0;7984.39008;7991.81412;-3.692654154
2;3;4;239;5000;1;3;70;2;15;15;1;0;7969.62;7977.087172;-3.692654154
2;3;4;240;5200;1;3;70;2;15;15;1;0;8240.4048;8246.293025;-3.692654154
2;3;4;241;5000;0.6;1;50;4;15;15;1;0;7243.452;7247.838236;-0.257842378
2;3;4;242;5200;0.6;1;50;4;15;15;1;0;7504.39008;7508.802537;-0.257842378
2;3;4;243;5000;1;1;50;4;15;15;1;0;7489.62;7494.075589;-0.257842378
2;3;4;244;5200;1;1;50;4;15;15;1;0;7760.4048;7763.281442;-0.548302541
2;3;4;245;5000;0.6;3;50;4;15;15;1;0;7723.452;7730.849819;-0.548302541
2;3;4;246;5200;0.6;3;50;4;15;15;1;0;7984.39008;7991.81412;-0.548302541
2;3;4;247;5000;1;3;50;4;15;15;1;0;7969.62;7977.087172;-1.944947838
2;3;4;248;5200;1;3;50;4;15;15;1;0;8240.4048;8246.293025;-1.944947838
2;3;4;249;5000;0.6;1;70;4;15;15;1;0;7723.452;7730.849819;-1.944947838
2;3;4;250;5200;0.6;1;70;4;15;15;1;0;7984.39008;7991.81412;-0.521629367
2;3;4;251;5000;1;1;70;4;15;15;1;0;7969.62;7977.087172;-0.521629367
2;3;4;252;5200;1;1;70;4;15;15;1;0;8240.4048;8246.293025;-0.521629367
2;3;4;253;5000;0.6;3;70;4;15;15;1;0;8203.452;8213.861402;1.242612486
2;3;4;254;5200;0.6;3;70;4;15;15;1;0;8464.39008;8474.825703;1.242612486
2;3;4;255;5000;1;3;70;4;15;15;1;0;8449.62;8460.098755;1.242612486
2;3;4;256;5200;1;3;70;4;15;15;1;0;8720.4048;8729.304608;2.546774826
2;3;4;257;5000;0.6;1;50;2;5;5;0;1;4675.0835;4667.086584;2.546774826
2;3;4;258;5200;0.6;1;50;2;5;5;0;1;4852.88684;4842.935437;2.546774826
2;3;4;259;5000;1;1;50;2;5;5;0;1;4842.8225;4832.937125;1.099801367
2;3;4;260;5200;1;1;50;2;5;5;0;1;5027.3354;5017.02753;1.099801367
2;3;4;261;5000;0.6;3;50;2;5;5;0;1;5135.0835;5130.098167;1.099801367
2;3;4;262;5200;0.6;3;50;2;5;5;0;1;5312.88684;5305.94702;-2.157314826
2;3;4;263;5000;1;3;50;2;5;5;0;1;5302.8225;5295.948708;-2.157314826
2;3;4;264;5200;1;3;50;2;5;5;0;1;5487.3354;5480.039113;-2.157314826
2;3;4;265;5000;0.6;1;70;2;5;5;0;1;5135.0835;5130.098167;1.591121259
2;3;4;266;5200;0.6;1;70;2;5;5;0;1;5312.88684;5305.94702;4.289087282
2;3;4;267;5000;1;1;70;2;5;5;0;1;5302.8225;5295.948708;4.289087282
2;3;4;268;5200;1;1;70;2;5;5;0;1;5487.3354;5480.039113;4.289087282
2;3;4;269;5000;0.6;3;70;2;5;5;0;1;5595.0835;5593.10975;2.352707838
2;3;4;270;5200;0.6;3;70;2;5;5;0;1;5772.88684;5768.958603;2.352707838
2;3;4;271;5000;1;3;70;2;5;5;0;1;5762.8225;5758.960291;2.352707838
2;3;4;272;5200;1;3;70;2;5;5;0;1;5947.3354;5943.050696;0.835954378
2;3;4;273;5000;0.6;1;50;4;5;5;0;1;5135.0835;5130.098167;0.835954378
2;3;4;274;5200;0.6;1;50;4;5;5;0;1;5312.88684;5305.94702;0.835954378
2;3;4;275;5000;1;1;50;4;5;5;0;1;5302.8225;5295.948708;-3.079674463
2;3;4;276;5200;1;1;50;4;5;5;0;1;5487.3354;5480.039113;-1.589993259
2;3;4;277;5000;0.6;3;50;4;5;5;0;1;5595.0835;5593.10975;2.555286463
2;3;4;278;5200;0.6;3;50;4;5;5;0;1;5772.88684;5768.958603;-3.210050849
2;3;4;279;5000;1;3;50;4;5;5;0;1;5762.8225;5758.960291;-3.210050849
2;3;4;280;5200;1;3;50;4;5;5;0;1;5947.3354;5943.050696;-3.210050849
2;3;4;281;5000;0.6;1;70;4;5;5;0;1;5595.0835;5593.10975;-11.75912507
2;3;4;282;5200;0.6;1;70;4;5;5;0;1;5772.88684;5768.958603;-10.51132545
2;3;4;283;5000;1;1;70;4;5;5;0;1;5762.8225;5758.960291;0
2;3;4;284;5200;1;1;70;4;5;5;0;1;5947.3354;5943.050696;-3.486017838
2;3;4;285;5000;0.6;3;70;4;5;5;0;1;6055.0835;6056.121333;-3.486017838
2;3;4;286;5200;0.6;3;70;4;5;5;0;1;6232.88684;6231.970186;-3.486017838
2;3;4;287;5000;1;3;70;4;5;5;0;1;6222.8225;6221.971874;-0.093361645
2;3;4;288;5200;1;3;70;4;5;5;0;1;6407.3354;6406.062279;-0.093361645
2;3;4;289;5000;0.6;1;50;2;15;5;0;1;5483.2805;5474.710559;-0.093361645
2;3;4;290;5200;0.6;1;50;2;15;5;0;1;5693.41172;5687.646396;-1.669567042
2;3;4;291;5000;1;1;50;2;15;5;0;1;5681.5175;5675.587696;-1.669567042
2;3;4;292;5200;1;1;50;2;15;5;0;1;5899.5782;5896.765085;-1.669567042
2;3;4;293;5000;0.6;3;50;2;15;5;0;1;5943.2805;5937.722142;-11.52358603
2;3;4;294;5200;0.6;3;50;2;15;5;0;1;6153.41172;6150.657979;-10.49862642
2;3;4;295;5000;1;3;50;2;15;5;0;1;6141.5175;6138.599279;-2.081842378
2;3;4;296;5200;1;3;50;2;15;5;0;1;6359.5782;6359.776668;-2.081842378
2;3;4;297;5000;0.6;1;70;2;15;5;0;1;5943.2805;5937.722142;-2.081842378
2;3;4;298;5200;0.6;1;70;2;15;5;0;1;6153.41172;6150.657979;-0.354808633
2;3;4;299;5000;1;1;70;2;15;5;0;1;6141.5175;6138.599279;-0.354808633
2;3;4;300;5200;1;1;70;2;15;5;0;1;6359.5782;6359.776668;-0.354808633
2;3;4;301;5000;0.6;3;70;2;15;5;0;1;6403.2805;6400.733725;1.412859753
2;3;4;302;5200;0.6;3;70;2;15;5;0;1;6613.41172;6613.669562;1.412859753
2;3;4;303;5000;1;3;70;2;15;5;0;1;6601.5175;6601.610862;1.412859753
2;3;4;304;5200;1;3;70;2;15;5;0;1;6819.5782;6822.788251;2.247542224
2;3;4;305;5000;0.6;1;50;4;15;5;0;1;5943.2805;5937.722142;2.247542224
2;3;4;306;5200;0.6;1;50;4;15;5;0;1;6153.41172;6150.657979;2.247542224
2;3;4;307;5000;1;1;50;4;15;5;0;1;6141.5175;6138.599279;-2.344429367
2;3;4;308;5200;1;1;50;4;15;5;0;1;6359.5782;6359.776668;-2.344429367
2;3;4;309;5000;0.6;3;50;4;15;5;0;1;6403.2805;6400.733725;-2.344429367
2;3;4;310;5200;0.6;3;50;4;15;5;0;1;6613.41172;6613.669562;0.995594826
2;3;4;311;5000;1;3;50;4;15;5;0;1;6601.5175;6601.610862;0.995594826
2;3;4;312;5200;1;3;50;4;15;5;0;1;6819.5782;6822.788251;0.995594826
2;3;4;313;5000;0.6;1;70;4;15;5;0;1;6403.2805;6400.733725;-3.324898934
2;3;4;314;5200;0.6;1;70;4;15;5;0;1;6613.41172;6613.669562;5.201813838
2;3;4;315;5000;1;1;70;4;15;5;0;1;6601.5175;6601.610862;5.201813838
2;3;4;316;5200;1;1;70;4;15;5;0;1;6819.5782;6822.788251;5.201813838
2;3;4;317;5000;0.6;3;70;4;15;5;0;1;6863.2805;6863.745308;-3.03010573
2;3;4;318;5200;0.6;3;70;4;15;5;0;1;7073.41172;7076.681145;0.739127838
2;3;4;319;5000;1;3;70;4;15;5;0;1;7061.5175;7064.622445;0.739127838
2;3;4;320;5200;1;3;70;4;15;5;0;1;7279.5782;7285.799834;0.739127838
2;3;4;321;5000;0.6;1;50;2;5;15;0;1;5519.8505;5511.474626;-1.400874463
2;3;4;322;5200;0.6;1;50;2;5;15;0;1;5731.44452;5725.942983;-1.374653259
2;3;4;323;5000;1;1;50;2;5;15;0;1;5719.4675;5713.799143;4.254195498
2;3;4;324;5200;1;1;50;2;5;15;0;1;5939.0462;5936.509052;-3.26942539
2;3;4;325;5000;0.6;3;50;2;5;15;0;1;5979.8505;5974.486209;-11.69916248
2;3;4;326;5200;0.6;3;50;2;5;15;0;1;6191.44452;6188.954566;-11.72518686
2;3;4;327;5000;1;3;50;2;5;15;0;1;6179.4675;6176.810726;7.300670293
2;3;4;328;5200;1;3;50;2;5;15;0;1;6399.0462;6399.520635;-3.533212378
2;3;4;329;5000;0.6;1;70;2;5;15;0;1;5979.8505;5974.486209;-4.956530849
2;3;4;330;5200;0.6;1;70;2;5;15;0;1;6191.44452;6188.954566;-4.956530849
2;3;4;331;5000;1;1;70;2;5;15;0;1;6179.4675;6176.810726;-4.956530849
2;3;4;332;5200;1;1;70;2;5;15;0;1;6399.0462;6399.520635;-11.18876344
2;3;4;333;5000;0.6;3;70;2;5;15;0;1;6439.8505;6437.497792;-0.727403189
2;3;4;334;5200;0.6;3;70;2;5;15;0;1;6651.44452;6651.966149;-0.727403189
2;3;4;335;5000;1;3;70;2;5;15;0;1;6639.4675;6639.822309;-0.727403189
2;3;4;336;5200;1;3;70;2;5;15;0;1;6859.0462;6862.532218;-0.464808185
2;3;4;337;5000;0.6;1;50;4;5;15;0;1;5979.8505;5974.486209;-11.50386783
2;3;4;338;5200;0.6;1;50;4;5;15;0;1;6191.44452;6188.954566;-5.168897838
2;3;4;339;5000;1;1;50;4;5;15;0;1;6179.4675;6176.810726;-5.168897838
2;3;4;340;5200;1;1;50;4;5;15;0;1;6399.0462;6399.520635;-5.168897838
2;3;4;341;5000;0.6;3;50;4;5;15;0;1;6439.8505;6437.497792;-1.911781645
2;3;4;342;5200;0.6;3;50;4;5;15;0;1;6651.44452;6651.966149;-1.911781645
2;3;4;343;5000;1;3;50;4;5;15;0;1;6639.4675;6639.822309;-1.911781645
2;3;4;344;5200;1;3;50;4;5;15;0;1;6859.0462;6862.532218;-0.658875174
2;3;4;345;5000;0.6;1;70;4;5;15;0;1;6439.8505;6437.497792;-6.091257475
2;3;4;346;5200;0.6;1;70;4;5;15;0;1;6651.44452;6651.966149;-6.091257475
2;3;4;347;5000;1;1;70;4;5;15;0;1;6639.4675;6639.822309;-6.091257475
2;3;4;348;5200;1;1;70;4;5;15;0;1;6859.0462;6862.532218;2.416948425
2;3;4;349;5000;0.6;3;70;4;5;15;0;1;6899.8505;6900.509375;2.416948425
2;3;4;350;5200;0.6;3;70;4;5;15;0;1;7111.44452;7114.977732;2.416948425
2;3;4;351;5000;1;3;70;4;5;15;0;1;7099.4675;7102.833892;-2.175628633
2;3;4;352;5200;1;3;70;4;5;15;0;1;7319.0462;7325.543801;-2.175628633
2;3;4;353;5000;0.6;1;50;2;15;15;0;1;6481.6415;6483.231493;-2.175628633
2;3;4;354;5200;0.6;1;50;2;15;15;0;1;6731.70716;6734.786834;-4.60157627
2;3;4;355;5000;1;1;50;2;15;15;0;1;6717.5525;6720.582606;-4.60157627
2;3;4;356;5200;1;1;50;2;15;15;0;1;6977.0546;6980.379499;-4.60157627
2;3;4;357;5000;0.6;3;50;2;15;15;0;1;6941.6415;6946.243076;1.342015969
2;3;4;358;5200;0.6;3;50;2;15;15;0;1;7191.70716;7197.798417;-6.221633861
2;3;4;359;5000;1;3;50;2;15;15;0;1;7177.5525;7183.594189;0.134941066
2;3;4;360;5200;1;3;50;2;15;15;0;1;7437.0546;7443.391082;-1.44400573
2;3;4;361;5000;0.6;1;70;2;15;15;0;1;6941.6415;6946.243076;-3.086861838
2;3;4;362;5200;0.6;1;70;2;15;15;0;1;7191.70716;7197.798417;-2.96436732
2;3;4;363;5000;1;1;70;2;15;15;0;1;7177.5525;7183.594189;-6.497600849
2;3;4;364;5200;1;1;70;2;15;15;0;1;7437.0546;7443.391082;4.424442764
2;3;4;365;5000;0.6;3;70;2;15;15;0;1;7401.6415;7409.254659;-3.104944656
2;3;4;366;5200;0.6;3;70;2;15;15;0;1;7651.70716;7660.81;-5.09342539
2;3;4;367;5000;1;3;70;2;15;15;0;1;7637.5525;7646.605772;-3.366391645
2;3;4;368;5200;1;3;70;2;15;15;0;1;7897.0546;7906.402665;-8.7938741
2;3;4;369;5000;0.6;1;50;4;15;15;0;1;6941.6415;6946.243076;-8.7938741
2;3;4;370;5200;0.6;1;50;4;15;15;0;1;7191.70716;7197.798417;-8.7938741
2;3;4;371;5000;1;1;50;4;15;15;0;1;7177.5525;7183.594189;-7.546074486
2;3;4;372;5200;1;1;50;4;15;15;0;1;7437.0546;7443.391082;-7.546074486
2;3;4;373;5000;0.6;3;50;4;15;15;0;1;7401.6415;7409.254659;-7.546074486
2;3;4;374;5200;0.6;3;50;4;15;15;0;1;7651.70716;7660.81;-5.356012378
2;3;4;375;5000;1;3;50;4;15;15;0;1;7637.5525;7646.605772;-8.558335066
2;3;4;376;5200;1;3;50;4;15;15;0;1;7897.0546;7906.402665;-8.558335066
2;3;4;377;5000;0.6;1;70;4;15;15;0;1;7401.6415;7409.254659;-8.558335066
2;3;4;378;5200;0.6;1;70;4;15;15;0;1;7651.70716;7660.81;-6.336481946
2;3;4;379;5000;1;1;70;4;15;15;0;1;7637.5525;7646.605772;-6.336481946
2;3;4;380;5200;1;1;70;4;15;15;0;1;7897.0546;7906.402665;-6.336481946
2;3;4;381;5000;0.6;3;70;4;15;15;0;1;7861.6415;7872.266242;-2.015988185
2;3;4;382;5200;0.6;3;70;4;15;15;0;1;8111.70716;8123.821583;-7.533375452
2;3;4;383;5000;1;3;70;4;15;15;0;1;8097.5525;8109.617355;-7.533375452
2;3;4;384;5200;1;3;70;4;15;15;0;1;8357.0546;8369.414248;-7.533375452
2;3;4;385;5000;0.6;1;50;2;5;5;1;1;5610.1002;5610.828888;-6.041688741
2;3;4;386;5200;0.6;1;50;2;5;5;1;1;5823.464208;5827.147168;-6.041688741
2;3;4;387;5000;1;1;50;2;5;5;1;1;5811.387;5814.900554;-6.041688741
2;3;4;388;5200;1;1;50;2;5;5;1;1;6032.80248;6039.460385;5.212793189
2;3;4;389;5000;0.6;3;50;2;5;5;1;1;6162.1002;6159.863637;-2.272455174
2;3;4;390;5200;0.6;3;50;2;5;5;1;1;6375.464208;6376.181917;-4.412457475
2;3;4;391;5000;1;3;50;2;5;5;1;1;6363.387;6363.935303;-4.412457475
2;3;4;392;5200;1;3;50;2;5;5;1;1;6584.80248;6588.495134;-4.412457475
2;3;4;393;5000;0.6;1;70;2;5;5;1;1;6162.1002;6159.863637;-4.38623627
2;3;4;394;5200;0.6;1;70;2;5;5;1;1;6375.464208;6376.181917;-4.38623627
2;3;4;395;5000;1;1;70;2;5;5;1;1;6363.387;6363.935303;-4.38623627
2;3;4;396;5200;1;1;70;2;5;5;1;1;6584.80248;6588.495134;8.167064803
2;3;4;397;5000;0.6;3;70;2;5;5;1;1;6714.1002;6708.898386;-7.968113861
2;3;4;398;5200;0.6;3;70;2;5;5;1;1;6927.464208;6925.216666;-1.482625483
2;3;4;399;5000;1;3;70;2;5;5;1;1;6915.387;6912.970052;-1.482625483
2;3;4;400;5200;1;3;70;2;5;5;1;1;7136.80248;7137.529883;-1.482625483
2;3;4;401;5000;0.6;1;50;4;5;5;1;1;6162.1002;6159.863637;-8.733911514
2;3;4;402;5200;0.6;1;50;4;5;5;1;1;6375.464208;6376.181917;-8.733911514
2;3;4;403;5000;1;1;50;4;5;5;1;1;6363.387;6363.935303;-8.733911514
2;3;4;404;5200;1;1;50;4;5;5;1;1;6584.80248;6588.495134;-8.180480849
2;3;4;405;5000;0.6;3;50;4;5;5;1;1;6714.1002;6708.898386;-9.102840486
2;3;4;406;5200;0.6;3;50;4;5;5;1;1;6927.464208;6925.216666;-9.102840486
2;3;4;407;5000;1;3;50;4;5;5;1;1;6915.387;6912.970052;-9.102840486
2;3;4;408;5200;1;3;50;4;5;5;1;1;7136.80248;7137.529883;-4.923364656
2;3;4;409;5000;0.6;1;70;4;5;5;1;1;6714.1002;6708.898386;-8.7599359
2;3;4;410;5200;0.6;1;70;4;5;5;1;1;6927.464208;6925.216666;-8.7599359
2;3;4;411;5000;1;1;70;4;5;5;1;1;6915.387;6912.970052;-8.7599359
2;3;4;412;5200;1;1;70;4;5;5;1;1;7136.80248;7137.529883;-8.223512479
2;3;4;413;5000;0.6;3;70;4;5;5;1;1;7266.1002;7257.933135;-8.223512479
2;3;4;414;5200;0.6;3;70;4;5;5;1;1;7479.464208;7474.251415;-8.223512479
2;3;4;415;5000;1;3;70;4;5;5;1;1;7467.387;7462.004801;2.237847776
2;3;4;416;5200;1;3;70;4;5;5;1;1;7688.80248;7686.564632;-7.613159282
2;3;4;417;5000;0.6;1;50;2;15;5;1;1;6579.9366;6590.447925;-7.613159282
2;3;4;418;5200;0.6;1;50;2;15;5;1;1;6832.094064;6843.853189;-7.613159282
2;3;4;419;5000;1;1;50;2;15;5;1;1;6817.821;6829.546187;-5.187211645
2;3;4;420;5200;1;1;50;2;15;5;1;1;7079.49384;7091.193002;-8.538616865
2;3;4;421;5000;0.6;3;50;2;15;5;1;1;7131.9366;7139.482674;-8.538616865
2;3;4;422;5200;0.6;3;50;2;15;5;1;1;7384.094064;7392.887938;-8.538616865
2;3;4;423;5000;1;3;50;2;15;5;1;1;7369.821;7378.580936;-0.658748293
2;3;4;424;5200;1;3;50;2;15;5;1;1;7631.49384;7640.227752;-2.876641946
2;3;4;425;5000;0.6;1;70;2;15;5;1;1;7131.9366;7139.482674;-2.876641946
2;3;4;426;5200;0.6;1;70;2;15;5;1;1;7384.094064;7392.887938;-2.876641946
2;3;4;427;5000;1;1;70;2;15;5;1;1;7369.821;7378.580936;5.38219939
2;3;4;428;5200;1;1;70;2;15;5;1;1;7631.49384;7640.227752;-4.455588741
2;3;4;429;5000;0.6;3;70;2;15;5;1;1;7683.9366;7688.517424;-4.455588741
2;3;4;430;5200;0.6;3;70;2;15;5;1;1;7936.094064;7941.922687;-4.455588741
2;3;4;431;5000;1;3;70;2;15;5;1;1;7921.821;7927.615685;0.697498193
2;3;4;432;5200;1;3;70;2;15;5;1;1;8183.49384;8189.262501;-9.09E-13
2;3;4;433;5000;0.6;1;50;4;15;5;1;1;7131.9366;7139.482674;-9.09E-13
2;3;4;434;5200;0.6;1;50;4;15;5;1;1;7384.094064;7392.887938;-9.09E-13
2;3;4;435;5000;1;1;50;4;15;5;1;1;7369.821;7378.580936;-9.09E-13
2;3;4;436;5200;1;1;50;4;15;5;1;1;7631.49384;7640.227752;-9.348064958
2;3;4;437;5000;0.6;3;50;4;15;5;1;1;7683.9366;7688.517424;-9.348064958
2;3;4;438;5200;0.6;3;50;4;15;5;1;1;7936.094064;7941.922687;-9.348064958
2;3;4;439;5000;1;3;50;4;15;5;1;1;7921.821;7927.615685;-0.697498193
2;3;4;440;5200;1;3;50;4;15;5;1;1;8183.49384;8189.262501;-5.828623135
2;3;4;441;5000;0.6;1;70;4;15;5;1;1;7683.9366;7688.517424;-5.828623135
2;3;4;442;5200;0.6;1;70;4;15;5;1;1;7936.094064;7941.922687;-5.828623135
2;3;4;443;5000;1;1;70;4;15;5;1;1;7921.821;7927.615685;-9.053271753
2;3;4;444;5200;1;1;70;4;15;5;1;1;8183.49384;8189.262501;-9.053271753
2;3;4;445;5000;0.6;3;70;4;15;5;1;1;8235.9366;8237.552173;-9.053271753
2;3;4;446;5200;0.6;3;70;4;15;5;1;1;8488.094064;8490.957436;-5.5930841
2;3;4;447;5000;1;3;70;4;15;5;1;1;8473.821;8476.650434;-5.5930841
2;3;4;448;5200;1;3;70;4;15;5;1;1;8735.49384;8738.29725;-5.5930841
2;3;4;449;5000;0.6;1;50;2;5;15;1;1;6623.8206;6634.319226;-7.424040486
2;3;4;450;5200;0.6;1;50;2;5;15;1;1;6877.733424;6889.25701;-7.424040486
2;3;4;451;5000;1;1;50;2;5;15;1;1;6863.361;6874.864868;-7.424040486
2;3;4;452;5200;1;1;50;2;5;15;1;1;7126.85544;7138.044203;-4.580823521
2;3;4;453;5000;0.6;3;50;2;5;15;1;1;7175.8206;7183.353975;-4.580823521
2;3;4;454;5200;0.6;3;50;2;5;15;1;1;7429.733424;7438.291759;-4.580823521
2;3;4;455;5000;1;3;50;2;5;15;1;1;7415.361;7423.899617;0.658748293
2;3;4;456;5200;1;3;50;2;5;15;1;1;7678.85544;7687.078952;-7.397819282
2;3;4;457;5000;0.6;1;70;2;5;15;1;1;7175.8206;7183.353975;-7.397819282
2;3;4;458;5200;0.6;1;70;2;5;15;1;1;7429.733424;7438.291759;-7.397819282
2;3;4;459;5000;1;1;70;2;5;15;1;1;7415.361;7423.899617;-4.568124486
2;3;4;460;5200;1;1;70;2;5;15;1;1;7678.85544;7687.078952;-4.568124486
2;3;4;461;5000;0.6;3;70;2;5;15;1;1;7727.8206;7732.388724;-4.568124486
2;3;4;462;5200;0.6;3;70;2;5;15;1;1;7981.733424;7987.326508;7.95266861
2;3;4;463;5000;1;3;70;2;5;15;1;1;7967.361;7972.934366;-0.101355776
2;3;4;464;5200;1;3;70;2;5;15;1;1;8230.85544;8236.113702;-12.1144235
2;3;4;465;5000;0.6;1;50;4;5;15;1;1;7175.8206;7183.353975;1.482625483
2;3;4;466;5200;0.6;1;50;4;5;15;1;1;7429.733424;7438.291759;1.482625483
2;3;4;467;5000;1;1;50;4;5;15;1;1;7415.361;7423.899617;1.482625483
2;3;4;468;5200;1;1;50;4;5;15;1;1;7678.85544;7687.078952;-10.62474229
2;3;4;469;5000;0.6;3;50;4;5;15;1;1;7727.8206;7732.388724;-5.768660548
2;3;4;470;5200;0.6;3;50;4;5;15;1;1;7981.733424;7987.326508;-5.768660548
2;3;4;471;5000;1;3;50;4;5;15;1;1;7967.361;7972.934366;-5.768660548
2;3;4;472;5200;1;3;50;4;5;15;1;1;8230.85544;8236.113702;-5.258261514
2;3;4;473;5000;0.6;1;70;4;5;15;1;1;7727.8206;7732.388724;-5.258261514
2;3;4;474;5200;0.6;1;70;4;5;15;1;1;7981.733424;7987.326508;-5.258261514
2;3;4;475;5000;1;1;70;4;5;15;1;1;7967.361;7972.934366;-5.794684934
2;3;4;476;5200;1;1;70;4;5;15;1;1;8230.85544;8236.113702;-5.794684934
2;3;4;477;5000;0.6;3;70;4;5;15;1;1;8279.8206;8281.423474;-5.794684934
2;3;4;478;5200;0.6;3;70;4;5;15;1;1;8533.733424;8536.361257;-5.888224958
2;3;4;479;5000;1;3;70;4;5;15;1;1;8519.361;8521.969115;-5.888224958
2;3;4;480;5200;1;3;70;4;5;15;1;1;8782.85544;8785.148451;-5.888224958
2;3;4;481;5000;0.6;1;50;2;15;15;1;1;7777.9698;7778.071156;-5.5733659
2;3;4;482;5200;0.6;1;50;2;15;15;1;1;8078.048592;8070.095923;-5.5733659
2;3;4;483;5000;1;1;50;2;15;15;1;1;8061.063;8053.643393;-5.5733659
2;3;4;484;5200;1;1;50;2;15;15;1;1;8372.46552;8353.909713;-7.467171753
2;3;4;485;5000;0.6;3;50;2;15;15;1;1;8329.9698;8327.105905;-7.467171753
2;3;4;486;5200;0.6;3;50;2;15;15;1;1;8630.048592;8619.130672;-7.467171753
2;3;4;487;5000;1;3;50;2;15;15;1;1;8613.063;8602.678142;-12.35964797
2;3;4;488;5200;1;3;50;2;15;15;1;1;8924.46552;8902.944462;18.5558072
2;3;4;489;5000;0.6;1;70;2;15;15;1;1;8329.9698;8327.105905;7.419606811
2;3;4;490;5200;0.6;1;70;2;15;15;1;1;8630.048592;8619.130672;-12.06485476
2;3;4;491;5000;1;1;70;2;15;15;1;1;8613.063;8602.678142;2.96436732
2;3;4;492;5200;1;1;70;2;15;15;1;1;8924.46552;8902.944462;3.086861838
2;3;4;493;5000;0.6;3;70;2;15;15;1;1;8881.9698;8876.140654;-10.4356235
2;3;4;494;5200;0.6;3;70;2;15;15;1;1;9182.048592;9168.165421;-2.86337217
2;3;4;495;5000;1;3;70;2;15;15;1;1;9165.063;9151.712891;-10.40940229
2;3;4;496;5200;1;3;70;2;15;15;1;1;9476.46552;9451.979211;-2.627833135
2;3;4;497;5000;0.6;1;50;4;15;15;1;1;8329.9698;8327.105905;-1.615572556
2;3;4;498;5200;0.6;1;50;4;15;15;1;1;8630.048592;8619.130672;-1.602873521
2;3;4;499;5000;1;1;50;4;15;15;1;1;8613.063;8602.678142;10.91791958
2;3;4;500;5200;1;1;50;4;15;15;1;1;8924.46552;8902.944462;10.91791958
2;3;4;501;5000;0.6;3;50;4;15;15;1;1;8881.9698;8876.140654;10.91791958
2;3;4;502;5200;0.6;3;50;4;15;15;1;1;9182.048592;9168.165421;2.863895189
2;3;4;503;5000;1;3;50;4;15;15;1;1;9165.063;9151.712891;2.863895189
2;3;4;504;5200;1;3;50;4;15;15;1;1;9476.46552;9451.979211;2.863895189
2;3;4;505;5000;0.6;1;70;4;15;15;1;1;8881.9698;8876.140654;-8.899807969
2;3;4;506;5200;0.6;1;70;4;15;15;1;1;9182.048592;9168.165421;-2.803409583
2;3;4;507;5000;1;1;70;4;15;15;1;1;9165.063;9151.712891;-2.293010548
2;3;4;508;5200;1;1;70;4;15;15;1;1;9476.46552;9451.979211;-10.47875476
2;3;4;509;5000;0.6;3;70;4;15;15;1;1;9433.9698;9425.175403;-2.829433969
2;3;4;510;5200;0.6;3;70;4;15;15;1;1;9734.048592;9717.20017;-2.608114934
2;3;4;511;5000;1;3;70;4;15;15;1;1;9717.063;9700.74764;21.52105816
2;3;4;512;5200;1;3;70;4;15;15;1;1;10028.46552;10001.01396;21.52105816
2;3;4;513;5100;0.8;2;60;3;10;10;1;1;7726.026048;7726.026048;21.52105816
2;3;4;514;5000;0.8;2;60;3;10;10;1;1;7596.1824;7596.879898;10.38485778
2;3;4;515;5200;0.8;2;60;3;10;10;1;1;7855.869696;7855.172198;10.38485778
2;3;4;516;5100;0.6;2;60;3;10;10;1;1;7603.395936;7604.054684;10.38485778
2;3;4;517;5100;1;2;60;3;10;10;1;1;7848.65616;7847.997412;13.88317054
2;3;4;518;5100;0.8;1;60;3;10;10;1;1;7450.026048;7451.508673;13.88317054
2;3;4;519;5100;0.8;3;60;3;10;10;1;1;8002.026048;8000.543423;13.88317054
2;3;4;520;5100;0.8;2;50;3;10;10;1;1;7450.026048;7451.508673;5.829146154
2;3;4;521;5100;0.8;2;70;3;10;10;1;1;8002.026048;8000.543423;5.829146154
2;3;4;522;5100;0.8;2;60;2;10;10;1;1;7450.026048;7451.508673;5.829146154
2;3;4;523;5100;0.8;2;60;4;10;10;1;1;8002.026048;8000.543423;24.48630913
2;3;4;524;5100;0.8;2;60;3;5;10;1;1;7174.190544;7177.154911;24.48630913
2;3;4;525;5100;0.8;2;60;3;15;10;1;1;8277.861552;8274.897185;24.48630913
2;3;4;526;5100;0.8;2;60;3;10;5;1;1;7151.387424;7154.474286;13.35010874
2;3;4;527;5100;0.8;2;60;3;10;15;1;1;8300.664672;8297.57781;13.35010874
2;3;4;528;5100;0.8;2;60;3;10;10;0;1;6438.35504;6438.35504;13.35010874
2;3;4;529;5100;0.8;2;60;3;10;10;1;1;7726.026048;7726.026048;16.84842151
2;3;4;530;5100;0.8;2;60;3;10;10;1;0;6718.28352;6718.28352;8.79439712
2;3;4;531;5100;0.8;2;60;3;10;10;1;1;7726.026048;7726.026048;27.45156009
2;3;4;532;5100;0.8;2;60;3;10;10;1;1;7726.026048;7726.026048;16.31535971
